{"cameraMode":{"drawMode":0,"name":"Shaded","section":"Shading Mode"},"sceneLighting":true,"audioPlay":true,"sceneViewState":{"m_AlwaysRefresh":false,"showFog":true,"showSkybox":true,"showFlares":true,"showImageEffects":true,"showParticleSystems":true,"showVisualEffectGraphs":true,"m_FxEnabled":true},"in2DMode":false,"pivot":{"x":-10.120796203613282,"y":1.475512146949768,"z":-2.7244949340820314},"rotation":{"x":-0.04992208257317543,"y":0.6561981439590454,"z":-0.04357777535915375,"w":-0.7517825961112976},"size":26.491870880126954,"orthographic":false}