{"cameraMode":{"drawMode":0,"name":"Shaded","section":"Shading Mode"},"sceneLighting":true,"audioPlay":true,"sceneViewState":{"m_AlwaysRefresh":false,"showFog":true,"showSkybox":true,"showFlares":true,"showImageEffects":true,"showParticleSystems":true,"showVisualEffectGraphs":true,"m_FxEnabled":true},"in2DMode":false,"pivot":{"x":0.09235751628875733,"y":1.1808139085769654,"z":0.11919596791267395},"rotation":{"x":-0.010555972345173359,"y":0.7798987030982971,"z":-0.013081864453852177,"w":-0.6257741451263428},"size":1.0368118286132813,"orthographic":false}