{"cameraMode":{"drawMode":0,"name":"Shaded","section":"Shading Mode"},"sceneLighting":true,"audioPlay":true,"sceneViewState":{"m_AlwaysRefresh":false,"showFog":true,"showSkybox":true,"showFlares":true,"showImageEffects":true,"showParticleSystems":true,"showVisualEffectGraphs":true,"m_FxEnabled":true},"in2DMode":false,"pivot":{"x":0.2504236400127411,"y":1.4750844240188599,"z":3.0934925079345705},"rotation":{"x":-0.059143345803022388,"y":0.777451753616333,"z":-0.07392765581607819,"w":-0.6218914985656738},"size":17.986867904663087,"orthographic":false}