{"cameraMode":{"drawMode":0,"name":"Shaded","section":"Shading Mode"},"sceneLighting":true,"audioPlay":true,"sceneViewState":{"m_AlwaysRefresh":false,"showFog":true,"showSkybox":true,"showFlares":true,"showImageEffects":true,"showParticleSystems":true,"showVisualEffectGraphs":true,"m_FxEnabled":true},"in2DMode":false,"pivot":{"x":0.23876941204071046,"y":1.47040855884552,"z":3.1925981044769289},"rotation":{"x":-0.12030884623527527,"y":0.6437048316001892,"z":-0.10341475903987885,"w":-0.748738169670105},"size":26.484760284423829,"orthographic":false}