{"cameraMode":{"drawMode":0,"name":"Shaded","section":"Shading Mode"},"sceneLighting":true,"audioPlay":true,"sceneViewState":{"m_AlwaysRefresh":false,"showFog":true,"showSkybox":true,"showFlares":true,"showImageEffects":true,"showParticleSystems":true,"showVisualEffectGraphs":true,"m_FxEnabled":true},"in2DMode":false,"pivot":{"x":-0.45516782999038699,"y":0.8049131631851196,"z":0.46018922328948977},"rotation":{"x":-0.07030828297138214,"y":0.6907404065132141,"z":-0.0677734985947609,"w":-0.7164958715438843},"size":8.963438987731934,"orthographic":false}