{"cameraMode":{"drawMode":0,"name":"Shaded","section":"Shading Mode"},"sceneLighting":false,"audioPlay":false,"sceneViewState":{"m_AlwaysRefresh":false,"showFog":false,"showSkybox":false,"showFlares":false,"showImageEffects":false,"showParticleSystems":false,"showVisualEffectGraphs":true,"m_FxEnabled":false},"in2DMode":false,"pivot":{"x":3.9846625328063967,"y":1.2201979160308838,"z":-0.4034537374973297},"rotation":{"x":-0.12894901633262635,"y":0.006540923845022917,"z":-0.0008621516171842814,"w":-0.9916460514068604},"size":2.3303298950195314,"orthographic":false}